{"accessibilityPrompt":true,"alwaysOnTop":false,"arch":"x64","asar":false,"blockExternalUrls":false,"bounce":false,"buildDate":1644791002266,"clearCache":false,"counter":false,"darwinDarkModeSupport":false,"disableContextMenu":false,"disableDevTools":false,"disableGpu":false,"disableOldBuildWarning":false,"diskCacheSize":1000000000,"electronVersionUsed":"16.0.6","enableEs3Apis":false,"fastQuit":false,"fileDownloadOptions":"{\"saveAs\": true}","fullScreen":false,"height":800,"hideWindowFrame":false,"ignoreCertificate":false,"ignoreGpuBlacklist":false,"insecure":false,"internalUrls":".*?\\.openprocessing\\.*?","isUpgrade":false,"maximize":false,"name":"OpenProcessing","nativefierVersion":"46.0.4","portable":false,"showMenuBar":false,"singleInstance":false,"targetUrl":"https://openprocessing.org/","titleBarStyle":"hidden","tray":"false","userAgentHonest":false,"width":1280,"widevine":false,"win32metadata":{"ProductName":"OpenProcessing","InternalName":"OpenProcessing","FileDescription":"OpenProcessing"},"zoom":1,"oldBuildWarningText":""}